TV,Radio,Jornal,Estimativas de vendas
23.1,3.8,69.2,9.009999999999998
44.5,0.0,5.1,8.756000000000002
170.2,45.9,0.0,16.086999999999996
